'1. april 2020.txt#0';'5';'0';'0';'1';'0';'0'
'1. april 2020.txt#1';'0';'0';'0';'0';'3';'0'
'1. april 2020.txt#2';'0';'0';'0';'0';'5';'0'
'1. april 2020.txt#3';'1';'0';'0';'2';'0';'0'
'1. april 2020.txt#4';'0';'0';'0';'4';'0';'0'
'1. april 2020.txt#5';'0';'0';'0';'0';'3';'0'
'1. april 2020.txt#6';'0';'0';'0';'0';'3';'0'
'1. april 2020.txt#7';'0';'4';'0';'1';'0';'0'
'1. april 2020.txt#8';'5';'0';'0';'1';'0';'0'
'1. april 2020.txt#9';'0';'0';'0';'0';'4';'0'
'1. april 2020.txt#10';'0';'0';'0';'0';'0';'0'
'1. april 2020.txt#11';'0';'0';'0';'2';'0';'1'
'1. april 2020.txt#12';'0';'0';'0';'0';'0';'0'
'10. december 2019.txt#0';'0';'0';'0';'0';'2';'0'
'10. december 2019.txt#1';'0';'0';'0';'1';'2';'0'
'10. december 2019.txt#2';'0';'0';'0';'0';'2';'0'
'10. december 2019.txt#3';'0';'0';'0';'0';'4';'0'
'10. december 2019.txt#4';'5';'0';'0';'1';'0';'0'
'10. december 2019.txt#5';'0';'0';'0';'0';'0';'6'
'10. december 2019.txt#6';'0';'0';'0';'2';'0';'1'
'10. december 2019.txt#7';'0';'0';'0';'0';'5';'0'
'10. december 2019.txt#8';'0';'0';'0';'1';'0';'0'
'10. december 2019.txt#9';'0';'0';'0';'0';'2';'0'
'10. december 2019.txt#10';'5';'2';'0';'1';'0';'0'
'10. februar 2020.txt#0';'0';'0';'0';'2';'0';'2'
'10. februar 2020.txt#1';'0';'0';'0';'3';'0';'4'
'10. februar 2020.txt#2';'7';'6';'0';'1';'0';'0'
'10. februar 2020.txt#3';'0';'0';'0';'0';'3';'0'
'10. februar 2020.txt#4';'0';'0';'0';'0';'2';'0'
'10. februar 2020.txt#5';'0';'0';'0';'2';'3';'1'
'10. februar 2020.txt#6';'0';'0';'0';'1';'0';'1'
'10. februar 2020.txt#7';'0';'0';'0';'1';'1';'0'
'10. februar 2020.txt#8';'3';'0';'0';'0';'0';'0'
'10. februar 2020.txt#9';'0';'0';'0';'3';'0';'2'
'10. februar 2020.txt#10';'5';'0';'0';'1';'0';'0'
'10. februar 2020.txt#11';'0';'0';'0';'0';'0';'0'
'10. marts 2020.txt#0';'0';'0';'0';'1';'2';'0'
'10. marts 2020.txt#1';'0';'0';'0';'1';'0';'0'
'10. marts 2020.txt#2';'0';'0';'0';'1';'0';'0'
'10. marts 2020.txt#3';'0';'0';'0';'0';'3';'0'
'10. marts 2020.txt#4';'0';'0';'0';'0';'0';'2'
'10. marts 2020.txt#5';'2';'4';'0';'1';'0';'0'
'10. marts 2020.txt#6';'0';'0';'0';'3';'0';'0'
'11. december 2019.txt#0';'0';'0';'0';'0';'1';'1'
'11. december 2019.txt#1';'0';'0';'0';'2';'0';'0'
'11. december 2019.txt#2';'0';'0';'0';'1';'0';'0'
'11. december 2019.txt#3';'0';'0';'0';'0';'0';'0'
'11. december 2019.txt#4';'0';'0';'0';'0';'0';'0'
'11. december 2019.txt#5';'0';'0';'0';'0';'0';'0'
'11. december 2019.txt#6';'7';'3';'0';'3';'1';'0'
'11. december 2019.txt#7';'3';'1';'0';'1';'2';'0'
'11. december 2019.txt#8';'0';'0';'0';'0';'0';'0'
'11. december 2019.txt#9';'0';'0';'0';'0';'0';'1'
'11. december 2019.txt#10';'0';'0';'0';'0';'0';'0'
'11. december 2019.txt#11';'0';'0';'0';'1';'0';'2'
'11. december 2019.txt#12';'0';'0';'0';'5';'0';'0'
'11. december 2019.txt#13';'0';'0';'0';'0';'1';'2'
'11. december 2019.txt#14';'0';'0';'0';'1';'0';'0'
'11. december 2019.txt#15';'0';'0';'0';'1';'0';'0'
'11. december 2019.txt#16';'0';'0';'0';'0';'0';'0'
'11. december 2019.txt#17';'0';'0';'0';'0';'0';'0'
'11. december 2019.txt#18';'0';'4';'0';'3';'0';'0'
'11. december 2019.txt#19';'0';'0';'0';'0';'1';'0'
'11. december 2019.txt#20';'0';'0';'0';'2';'1';'0'
'11. december 2019.txt#21';'0';'0';'0';'0';'0';'0'
'11. december 2019.txt#22';'0';'0';'0';'0';'1';'0'
'11. februar 2020.txt#0';'0';'0';'0';'4';'0';'2'
'11. februar 2020.txt#1';'0';'0';'0';'0';'0';'0'
'11. februar 2020.txt#2';'0';'0';'0';'0';'1';'0'
'11. februar 2020.txt#3';'0';'0';'0';'0';'3';'0'
'11. februar 2020.txt#4';'0';'0';'0';'3';'0';'0'
'11. marts 2020.txt#0';'0';'0';'0';'0';'0';'0'
'11. marts 2020.txt#1';'0';'0';'0';'1';'0';'0'
'11. marts 2020.txt#2';'0';'0';'0';'1';'0';'0'
'11. marts 2020.txt#3';'0';'0';'0';'0';'0';'0'
'11. marts 2020.txt#4';'0';'0';'0';'0';'2';'0'
'11. marts 2020.txt#5';'0';'0';'0';'2';'3';'0'
'11. marts 2020.txt#6';'0';'0';'0';'2';'0';'1'
'11. marts 2020.txt#7';'0';'0';'0';'0';'1';'0'
'11. marts 2020.txt#8';'0';'0';'0';'1';'3';'0'
'11. marts 2020.txt#9';'0';'0';'0';'1';'4';'0'
'11. marts 2020.txt#10';'1';'0';'0';'0';'0';'0'
'11. marts 2020.txt#11';'0';'0';'0';'0';'0';'1'
'11. marts 2020.txt#12';'1';'0';'0';'1';'0';'0'
'11. marts 2020.txt#13';'0';'0';'0';'0';'0';'0'
'11. marts 2020.txt#14';'6';'0';'0';'1';'0';'0'
'11. marts 2020.txt#15';'1';'0';'0';'1';'0';'0'
'11. marts 2020.txt#16';'0';'0';'0';'0';'0';'1'
'11. marts 2020.txt#17';'0';'0';'0';'0';'2';'0'
'11. marts 2020.txt#18';'0';'0';'0';'0';'0';'2'
'11. marts 2020.txt#19';'1';'0';'0';'0';'0';'0'
'11. marts 2020.txt#20';'0';'5';'0';'1';'0';'0'
'11. marts 2020.txt#21';'2';'1';'0';'1';'0';'0'
'11. marts 2020.txt#22';'4';'5';'0';'2';'0';'0'
'11. marts 2020.txt#23';'3';'0';'0';'1';'0';'0'
'11. marts 2020.txt#24';'2';'5';'0';'1';'1';'0'
'12. december 2019.txt#0';'4';'3';'0';'1';'0';'0'
'12. december 2019.txt#1';'0';'0';'0';'0';'3';'0'
'12. december 2019.txt#2';'0';'0';'0';'4';'1';'0'
'12. december 2019.txt#3';'0';'0';'0';'1';'0';'0'
'12. december 2019.txt#4';'0';'0';'0';'0';'3';'0'
'12. december 2019.txt#5';'2';'1';'0';'1';'0';'0'
'12. december 2019.txt#6';'0';'0';'0';'0';'3';'0'
'12. december 2019.txt#7';'4';'0';'0';'1';'0';'0'
'12. december 2019.txt#8';'0';'0';'0';'0';'0';'0'
'12. december 2019.txt#9';'0';'0';'0';'1';'0';'2'
'12. december 2019.txt#10';'0';'0';'0';'3';'0';'0'
'12. februar 2020.txt#0';'3';'3';'0';'2';'4';'0'
'12. februar 2020.txt#1';'0';'0';'0';'1';'1';'0'
'12. februar 2020.txt#2';'0';'0';'0';'0';'0';'1'
'12. februar 2020.txt#3';'0';'0';'0';'0';'2';'0'
'12. februar 2020.txt#4';'0';'0';'0';'2';'1';'0'
'12. februar 2020.txt#5';'1';'0';'0';'0';'0';'0'
'12. februar 2020.txt#6';'0';'0';'0';'0';'1';'1'
'12. marts 2020.txt#0';'0';'0';'0';'1';'0';'0'
'12. marts 2020.txt#1';'0';'0';'0';'3';'3';'0'
'12. marts 2020.txt#2';'0';'0';'0';'0';'2';'0'
'12. marts 2020.txt#3';'0';'0';'0';'0';'2';'0'
'12. marts 2020.txt#4';'0';'0';'0';'0';'2';'0'
'12. marts 2020.txt#5';'0';'0';'0';'0';'0';'0'
'12. marts 2020.txt#6';'5';'0';'0';'1';'0';'0'
'12. marts 2020.txt#7';'0';'0';'0';'0';'3';'0'
'12. marts 2020.txt#8';'0';'0';'0';'1';'4';'0'
'12. marts 2020.txt#9';'0';'0';'0';'2';'0';'0'
'12. marts 2020.txt#10';'0';'0';'0';'2';'0';'0'
'13. december 2019.txt#0';'0';'0';'0';'0';'0';'0'
'13. december 2019.txt#1';'0';'0';'0';'0';'3';'0'
'13. december 2019.txt#2';'0';'0';'0';'0';'4';'0'
'13. december 2019.txt#3';'5';'0';'0';'1';'0';'0'
'13. december 2019.txt#4';'0';'0';'0';'1';'0';'0'
'13. december 2019.txt#5';'0';'0';'0';'0';'3';'0'
'13. december 2019.txt#6';'0';'0';'0';'1';'0';'0'
'13. december 2019.txt#7';'0';'0';'0';'0';'0';'3'
'13. december 2019.txt#8';'0';'0';'0';'0';'0';'1'
'13. december 2019.txt#9';'0';'0';'0';'2';'0';'0'
'13. februar 2020.txt#0';'0';'0';'0';'0';'3';'0'
'13. februar 2020.txt#1';'0';'0';'0';'1';'0';'0'
'13. februar 2020.txt#2';'0';'0';'0';'1';'3';'0'
'13. februar 2020.txt#3';'0';'0';'0';'1';'4';'0'
'13. februar 2020.txt#4';'4';'3';'0';'1';'0';'0'
'13. februar 2020.txt#5';'4';'0';'0';'1';'0';'0'
'13. februar 2020.txt#6';'0';'0';'0';'0';'3';'0'
'13. februar 2020.txt#7';'6';'0';'0';'1';'0';'0'
'13. februar 2020.txt#8';'3';'5';'0';'1';'0';'0'
'13. februar 2020.txt#9';'0';'0';'0';'4';'0';'2'
'13. februar 2020.txt#10';'0';'0';'0';'0';'0';'1'
'13. marts 2020.txt#0';'0';'0';'0';'0';'0';'0'
'13. marts 2020.txt#1';'0';'0';'0';'0';'0';'0'
'13. marts 2020.txt#2';'0';'0';'0';'0';'3';'0'
'13. marts 2020.txt#3';'0';'0';'0';'0';'3';'0'
'13. marts 2020.txt#4';'3';'3';'0';'1';'0';'0'
'13. marts 2020.txt#5';'3';'0';'0';'2';'0';'0'
'13. marts 2020.txt#6';'5';'0';'0';'1';'0';'0'
'13. marts 2020.txt#7';'3';'0';'0';'1';'0';'0'
'13. marts 2020.txt#8';'0';'0';'0';'1';'0';'4'
'14. februar 2020.txt#0';'0';'0';'0';'0';'4';'0'
'14. februar 2020.txt#1';'0';'0';'0';'0';'0';'0'
'14. februar 2020.txt#2';'0';'0';'0';'1';'0';'0'
'14. februar 2020.txt#3';'4';'0';'0';'1';'0';'0'
'14. februar 2020.txt#4';'0';'0';'0';'0';'2';'0'
'14. februar 2020.txt#5';'5';'0';'0';'1';'0';'0'
'14. februar 2020.txt#6';'0';'0';'0';'0';'3';'0'
'14. februar 2020.txt#7';'0';'0';'0';'1';'2';'0'
'14. februar 2020.txt#8';'3';'1';'0';'1';'0';'0'
'14. februar 2020.txt#9';'0';'0';'0';'0';'0';'0'
'14. februar 2020.txt#10';'0';'0';'0';'1';'2';'0'
'14. februar 2020.txt#11';'0';'0';'0';'0';'2';'0'
'14. februar 2020.txt#12';'0';'0';'0';'0';'0';'1'
'14. februar 2020.txt#13';'3';'0';'0';'1';'2';'0'
'16. december 2019.txt#0';'0';'0';'0';'0';'0';'0'
'16. december 2019.txt#1';'0';'0';'0';'0';'0';'0'
'16. december 2019.txt#2';'0';'0';'0';'0';'2';'0'
'16. december 2019.txt#3';'0';'0';'0';'0';'0';'0'
'16. december 2019.txt#4';'0';'0';'0';'0';'0';'0'
'16. december 2019.txt#5';'0';'0';'0';'0';'0';'0'
'16. december 2019.txt#6';'3';'0';'0';'2';'0';'0'
'16. december 2019.txt#7';'1';'0';'0';'1';'1';'0'
'16. december 2019.txt#8';'0';'0';'0';'0';'1';'0'
'16. december 2019.txt#9';'0';'0';'0';'0';'0';'0'
'16. december 2019.txt#10';'0';'2';'0';'2';'0';'0'
'16. december 2019.txt#11';'0';'0';'0';'0';'0';'1'
'16. december 2019.txt#12';'0';'0';'0';'0';'0';'1'
'16. december 2019.txt#13';'0';'0';'0';'0';'1';'0'
'16. december 2019.txt#14';'0';'0';'0';'0';'0';'0'
'16. december 2019.txt#15';'0';'0';'0';'2';'0';'1'
'16. december 2019.txt#16';'0';'0';'0';'0';'0';'1'
'16. december 2019.txt#17';'1';'0';'0';'1';'0';'1'
'16. december 2019.txt#18';'0';'0';'0';'1';'0';'0'
'16. december 2019.txt#19';'0';'0';'0';'1';'0';'0'
'16. december 2019.txt#20';'0';'0';'0';'1';'0';'0'
'16. december 2019.txt#21';'0';'3';'0';'1';'0';'0'
'16. december 2019.txt#22';'0';'0';'0';'0';'0';'0'
'16. december 2019.txt#23';'0';'0';'0';'0';'0';'0'
'16. december 2019.txt#24';'0';'0';'0';'0';'0';'0'
'16. december 2019.txt#25';'0';'0';'0';'0';'0';'0'
'16. december 2019.txt#26';'0';'0';'0';'0';'0';'0'
'16. december 2019.txt#27';'0';'0';'0';'0';'0';'0'
'16. december 2019.txt#28';'1';'0';'0';'1';'0';'0'
'16. december 2019.txt#29';'0';'0';'0';'2';'2';'0'
'16. december 2019.txt#30';'0';'0';'0';'0';'3';'0'
'16. januar 2020.txt#0';'0';'0';'0';'2';'0';'0'
'16. januar 2020.txt#1';'0';'0';'0';'0';'3';'0'
'16. januar 2020.txt#2';'0';'0';'0';'0';'2';'0'
'16. januar 2020.txt#3';'0';'0';'0';'0';'4';'0'
'16. januar 2020.txt#4';'0';'0';'0';'0';'1';'0'
'16. januar 2020.txt#5';'0';'0';'0';'0';'0';'0'
'16. januar 2020.txt#6';'5';'0';'0';'1';'0';'0'
'16. januar 2020.txt#7';'0';'0';'0';'0';'0';'0'
'16. januar 2020.txt#8';'3';'2';'0';'0';'0';'0'
'16. januar 2020.txt#9';'0';'0';'0';'0';'1';'0'
'16. januar 2020.txt#10';'0';'0';'0';'2';'0';'0'
'16. januar 2020.txt#11';'3';'1';'0';'4';'0';'0'
'16. januar 2020.txt#12';'0';'0';'0';'0';'0';'0'
'16. marts 2020.txt#0';'0';'0';'0';'0';'1';'0'
'16. marts 2020.txt#1';'0';'0';'0';'0';'0';'0'
'16. marts 2020.txt#2';'0';'0';'0';'0';'0';'0'
'16. marts 2020.txt#3';'0';'0';'0';'0';'0';'0'
'16. marts 2020.txt#4';'0';'0';'0';'0';'2';'0'
'16. marts 2020.txt#5';'0';'0';'0';'3';'0';'0'
'16. marts 2020.txt#6';'0';'0';'0';'2';'0';'0'
'16. marts 2020.txt#7';'0';'0';'0';'0';'3';'0'
'16. marts 2020.txt#8';'3';'0';'0';'1';'0';'0'
'16. marts 2020.txt#9';'0';'0';'0';'0';'0';'0'
'16. marts 2020.txt#10';'0';'0';'0';'0';'0';'0'
'16. marts 2020.txt#11';'0';'0';'0';'0';'0';'0'
'16. marts 2020.txt#12';'0';'0';'0';'0';'0';'0'
'16. marts 2020.txt#13';'0';'4';'0';'1';'0';'0'
'16. marts 2020.txt#14';'0';'0';'0';'1';'3';'0'
'16. marts 2020.txt#15';'1';'0';'0';'0';'0';'0'
'16. marts 2020.txt#16';'0';'0';'0';'1';'0';'1'
'16. marts 2020.txt#17';'0';'0';'0';'0';'1';'0'
'16. marts 2020.txt#18';'0';'0';'0';'0';'0';'0'
'16. marts 2020.txt#19';'0';'0';'0';'0';'0';'0'
'16. marts 2020.txt#20';'0';'0';'0';'0';'1';'0'
'16. marts 2020.txt#21';'0';'0';'0';'0';'1';'0'
'16. marts 2020.txt#22';'0';'0';'0';'0';'0';'2'
'16. marts 2020.txt#23';'0';'0';'0';'0';'0';'0'
'16. marts 2020.txt#24';'0';'0';'0';'0';'0';'0'
'16. marts 2020.txt#25';'0';'0';'0';'0';'0';'0'
'16. marts 2020.txt#26';'0';'0';'0';'0';'2';'0'
'16. marts 2020.txt#27';'0';'0';'0';'1';'1';'0'
'16. marts 2020.txt#28';'0';'0';'0';'0';'0';'0'
'16. marts 2020.txt#29';'0';'1';'0';'0';'0';'0'
'16. marts 2020.txt#30';'0';'0';'0';'0';'0';'0'
'16. marts 2020.txt#31';'0';'0';'0';'0';'4';'0'
'17. december 2019.txt#0';'0';'0';'0';'0';'2';'0'
'17. december 2019.txt#1';'0';'0';'0';'0';'1';'0'
'17. december 2019.txt#2';'0';'0';'0';'0';'4';'0'
'17. december 2019.txt#3';'0';'0';'0';'0';'1';'0'
'17. december 2019.txt#4';'0';'0';'0';'1';'3';'4'
'17. december 2019.txt#5';'3';'1';'0';'1';'0';'0'
'17. december 2019.txt#6';'0';'0';'0';'1';'3';'0'
'17. december 2019.txt#7';'0';'0';'0';'2';'0';'5'
'17. december 2019.txt#8';'0';'0';'0';'0';'6';'0'
'17. december 2019.txt#9';'0';'0';'0';'0';'5';'0'
'17. december 2019.txt#10';'0';'0';'0';'1';'0';'1'
'17. december 2019.txt#11';'4';'3';'0';'1';'0';'0'
'17. februar 2020.txt#0';'0';'0';'0';'2';'0';'0'
'17. februar 2020.txt#1';'0';'0';'0';'1';'2';'0'
'17. februar 2020.txt#2';'0';'0';'0';'0';'4';'0'
'17. februar 2020.txt#3';'2';'0';'0';'1';'0';'0'
'17. februar 2020.txt#4';'0';'0';'0';'1';'0';'0'
'17. februar 2020.txt#5';'0';'0';'0';'4';'0';'0'
'17. februar 2020.txt#6';'0';'0';'0';'3';'2';'2'
'17. februar 2020.txt#7';'0';'0';'0';'0';'1';'0'
'17. januar 2020.txt#0';'0';'0';'0';'0';'3';'0'
'17. januar 2020.txt#1';'0';'0';'0';'0';'2';'0'
'17. januar 2020.txt#2';'0';'0';'0';'0';'2';'0'
'17. januar 2020.txt#3';'0';'0';'0';'3';'0';'0'
'17. januar 2020.txt#4';'0';'0';'0';'0';'0';'0'
'17. januar 2020.txt#5';'4';'0';'0';'1';'0';'0'
'17. januar 2020.txt#6';'0';'0';'0';'0';'0';'0'
'17. januar 2020.txt#7';'0';'0';'0';'0';'1';'0'
'17. januar 2020.txt#8';'0';'0';'0';'0';'3';'0'
'17. januar 2020.txt#9';'0';'0';'0';'0';'0';'0'
'17. januar 2020.txt#10';'0';'0';'0';'3';'2';'0'
'17. januar 2020.txt#11';'0';'0';'0';'1';'2';'0'
'17. januar 2020.txt#12';'2';'7';'0';'2';'0';'2'
'17. marts 2020.txt#0';'0';'0';'0';'2';'0';'1'
'17. marts 2020.txt#1';'0';'0';'0';'0';'1';'1'
'17. marts 2020.txt#2';'0';'0';'0';'0';'3';'0'
'17. marts 2020.txt#3';'0';'0';'0';'0';'2';'0'
'17. marts 2020.txt#4';'0';'0';'0';'2';'0';'0'
'17. marts 2020.txt#5';'0';'0';'0';'0';'2';'0'
'17. marts 2020.txt#6';'0';'2';'0';'2';'3';'0'
'17. marts 2020.txt#7';'0';'0';'0';'0';'0';'0'
'18. december 2019.txt#0';'0';'0';'0';'0';'0';'1'
'18. december 2019.txt#1';'0';'0';'0';'0';'2';'0'
'18. december 2019.txt#2';'1';'0';'0';'0';'0';'1'
'18. december 2019.txt#3';'0';'0';'0';'0';'2';'0'
'18. december 2019.txt#4';'0';'0';'0';'1';'0';'0'
'18. december 2019.txt#5';'0';'0';'0';'1';'0';'0'
'18. december 2019.txt#6';'0';'0';'0';'0';'0';'0'
'18. december 2019.txt#7';'0';'0';'0';'0';'0';'0'
'18. december 2019.txt#8';'0';'0';'0';'0';'0';'0'
'18. december 2019.txt#9';'2';'1';'0';'2';'0';'0'
'18. december 2019.txt#10';'0';'0';'0';'0';'0';'2'
'18. december 2019.txt#11';'0';'0';'0';'0';'0';'0'
'18. december 2019.txt#12';'0';'0';'0';'0';'0';'0'
'18. december 2019.txt#13';'0';'0';'0';'0';'1';'0'
'18. december 2019.txt#14';'0';'3';'0';'1';'0';'0'
'18. december 2019.txt#15';'0';'1';'0';'1';'0';'0'
'18. december 2019.txt#16';'0';'0';'0';'1';'0';'0'
'18. december 2019.txt#17';'1';'2';'0';'0';'0';'0'
'18. december 2019.txt#18';'0';'1';'0';'2';'0';'0'
'18. december 2019.txt#19';'0';'1';'0';'2';'3';'0'
'18. december 2019.txt#20';'0';'0';'0';'0';'2';'0'
'18. december 2019.txt#21';'0';'0';'0';'2';'1';'0'
'18. februar 2020.txt#0';'1';'0';'0';'0';'0';'0'
'18. februar 2020.txt#1';'0';'0';'0';'1';'0';'0'
'18. februar 2020.txt#2';'0';'0';'0';'0';'0';'0'
'18. februar 2020.txt#3';'0';'0';'0';'1';'4';'0'
'18. februar 2020.txt#4';'5';'0';'0';'1';'0';'0'
'18. februar 2020.txt#5';'0';'0';'0';'0';'0';'0'
'18. februar 2020.txt#6';'4';'0';'0';'1';'0';'0'
'18. februar 2020.txt#7';'0';'0';'0';'0';'0';'0'
'18. februar 2020.txt#8';'0';'0';'0';'0';'4';'0'
'18. marts 2020.txt#0';'0';'0';'0';'0';'6';'0'
'18. marts 2020.txt#1';'0';'0';'0';'0';'0';'0'
'18. marts 2020.txt#2';'6';'0';'0';'1';'0';'0'
'18. marts 2020.txt#3';'1';'0';'0';'0';'0';'0'
'18. marts 2020.txt#4';'0';'1';'0';'2';'0';'0'
'18. marts 2020.txt#5';'0';'0';'0';'4';'0';'0'
'18. marts 2020.txt#6';'0';'0';'0';'0';'2';'0'
'19. december 2019.txt#0';'0';'0';'0';'0';'2';'0'
'19. december 2019.txt#1';'1';'0';'0';'0';'0';'0'
'19. december 2019.txt#2';'0';'0';'0';'1';'2';'1'
'19. december 2019.txt#3';'0';'0';'0';'2';'4';'3'
'19. december 2019.txt#4';'1';'0';'0';'1';'0';'0'
'19. december 2019.txt#5';'0';'0';'0';'0';'2';'0'
'19. december 2019.txt#6';'1';'0';'0';'1';'0';'2'
'19. december 2019.txt#7';'3';'1';'0';'3';'0';'0'
'19. december 2019.txt#8';'0';'0';'0';'1';'0';'0'
'19. december 2019.txt#9';'0';'3';'0';'2';'0';'1'
'19. december 2019.txt#10';'0';'1';'0';'1';'0';'0'
'19. december 2019.txt#11';'1';'8';'0';'3';'0';'3'
'19. december 2019.txt#12';'0';'0';'0';'0';'0';'0'
'19. december 2019.txt#13';'0';'0';'0';'0';'0';'0'
'19. december 2019.txt#14';'0';'0';'0';'0';'1';'0'
'19. februar 2020.txt#0';'4';'0';'0';'6';'4';'0'
'19. februar 2020.txt#1';'0';'0';'0';'0';'0';'0'
'19. februar 2020.txt#2';'0';'0';'0';'0';'2';'0'
'19. februar 2020.txt#3';'0';'0';'0';'0';'0';'0'
'19. februar 2020.txt#4';'0';'0';'0';'0';'2';'1'
'19. februar 2020.txt#5';'0';'5';'0';'1';'0';'0'
'19. februar 2020.txt#6';'0';'0';'0';'2';'0';'0'
'19. februar 2020.txt#7';'0';'0';'0';'1';'0';'0'
'19. februar 2020.txt#8';'0';'4';'0';'1';'0';'0'
'19. februar 2020.txt#9';'0';'0';'0';'0';'1';'0'
'19. marts 2020.txt#0';'0';'0';'0';'0';'3';'0'
'19. marts 2020.txt#1';'0';'0';'0';'0';'0';'0'
'19. marts 2020.txt#2';'0';'0';'0';'0';'3';'0'
'19. marts 2020.txt#3';'0';'0';'0';'0';'3';'0'
'19. marts 2020.txt#4';'0';'0';'0';'0';'2';'0'
'19. marts 2020.txt#5';'0';'0';'0';'0';'2';'0'
'19. marts 2020.txt#6';'0';'0';'0';'0';'3';'0'
'19. marts 2020.txt#7';'0';'0';'0';'0';'1';'0'
'19. marts 2020.txt#8';'0';'0';'0';'0';'1';'0'
'19. marts 2020.txt#9';'0';'0';'0';'0';'1';'0'
'19. marts 2020.txt#10';'0';'0';'0';'0';'2';'0'
'19. marts 2020.txt#11';'0';'0';'0';'1';'0';'1'
'19. marts 2020.txt#12';'2';'7';'0';'1';'0';'0'
'19. marts 2020.txt#13';'0';'2';'0';'1';'0';'0'
'19. marts 2020.txt#14';'1';'0';'0';'1';'0';'1'
'19. marts 2020.txt#15';'1';'0';'0';'0';'0';'0'
'19. marts 2020.txt#16';'0';'0';'0';'1';'3';'0'
'19. marts 2020.txt#17';'0';'3';'0';'1';'0';'0'
'19. marts 2020.txt#18';'0';'0';'0';'0';'0';'0'
'19. marts 2020.txt#19';'0';'0';'0';'0';'0';'0'
'19. marts 2020.txt#20';'0';'0';'0';'0';'0';'1'
'19. marts 2020.txt#21';'0';'0';'0';'0';'0';'0'
'19. marts 2020.txt#22';'0';'0';'0';'0';'3';'0'
'2. april 2020.txt#0';'0';'0';'0';'3';'0';'1'
'2. april 2020.txt#1';'0';'0';'0';'1';'0';'3'
'2. april 2020.txt#2';'0';'0';'0';'0';'2';'0'
'2. april 2020.txt#3';'0';'0';'0';'0';'2';'0'
'2. april 2020.txt#4';'0';'3';'0';'0';'0';'0'
'2. april 2020.txt#5';'0';'2';'0';'1';'0';'0'
'2. april 2020.txt#6';'5';'0';'0';'1';'0';'0'
'2. april 2020.txt#7';'0';'0';'0';'0';'0';'0'
'2. december 2019.txt#0';'0';'0';'0';'0';'2';'0'
'2. december 2019.txt#1';'0';'0';'0';'0';'5';'0'
'2. december 2019.txt#2';'0';'0';'0';'1';'1';'1'
'2. december 2019.txt#3';'0';'0';'0';'0';'2';'0'
'2. december 2019.txt#4';'0';'1';'0';'2';'2';'0'
'2. december 2019.txt#5';'0';'0';'0';'0';'0';'2'
'2. december 2019.txt#6';'0';'0';'0';'0';'0';'0'
'2. december 2019.txt#7';'0';'1';'0';'0';'0';'0'
'2. december 2019.txt#8';'0';'0';'0';'0';'0';'0'
'2. december 2019.txt#9';'0';'0';'0';'2';'0';'0'
'2. december 2019.txt#10';'0';'0';'0';'1';'0';'0'
'2. december 2019.txt#11';'0';'0';'0';'0';'0';'2'
'2. december 2019.txt#12';'0';'0';'0';'0';'0';'0'
'2. december 2019.txt#13';'3';'1';'0';'0';'0';'0'
'2. december 2019.txt#14';'2';'5';'0';'2';'2';'0'
'2. december 2019.txt#15';'0';'0';'0';'1';'0';'0'
'2. december 2019.txt#16';'0';'0';'0';'1';'0';'0'
'2. december 2019.txt#17';'0';'0';'0';'0';'1';'0'
'2. marts 2020.txt#0';'0';'0';'0';'0';'5';'0'
'2. marts 2020.txt#1';'0';'0';'0';'0';'0';'0'
'2. marts 2020.txt#2';'0';'0';'0';'1';'0';'0'
'2. marts 2020.txt#3';'5';'2';'0';'1';'0';'0'
'2. marts 2020.txt#4';'0';'0';'0';'1';'0';'2'
'2. marts 2020.txt#5';'0';'0';'0';'1';'2';'0'
'2. marts 2020.txt#6';'0';'0';'0';'0';'0';'0'
'2. marts 2020.txt#7';'0';'0';'0';'0';'0';'0'
'2. marts 2020.txt#8';'4';'0';'0';'2';'0';'0'
'2. marts 2020.txt#9';'0';'0';'0';'0';'4';'0'
'2. marts 2020.txt#10';'0';'0';'0';'0';'0';'0'
'2. marts 2020.txt#11';'0';'0';'0';'0';'1';'0'
'2. marts 2020.txt#12';'0';'0';'0';'0';'2';'0'
'20. december 2019.txt#0';'0';'0';'0';'1';'5';'0'
'20. december 2019.txt#1';'0';'0';'0';'0';'0';'0'
'20. december 2019.txt#2';'1';'0';'0';'0';'1';'0'
'20. december 2019.txt#3';'2';'0';'0';'0';'0';'0'
'20. december 2019.txt#4';'2';'0';'0';'0';'0';'0'
'20. december 2019.txt#5';'1';'1';'0';'0';'0';'0'
'20. december 2019.txt#6';'2';'0';'0';'2';'0';'0'
'20. december 2019.txt#7';'0';'0';'0';'0';'1';'0'
'20. december 2019.txt#8';'0';'0';'0';'0';'2';'0'
'20. december 2019.txt#9';'0';'0';'0';'0';'2';'0'
'20. december 2019.txt#10';'0';'0';'0';'1';'5';'0'
'20. december 2019.txt#11';'0';'0';'0';'1';'0';'2'
'20. december 2019.txt#12';'0';'0';'0';'0';'0';'0'
'20. december 2019.txt#13';'0';'0';'0';'0';'0';'0'
'20. december 2019.txt#14';'1';'4';'0';'1';'0';'0'
'20. december 2019.txt#15';'0';'0';'0';'0';'2';'0'
'20. december 2019.txt#16';'0';'0';'0';'2';'0';'1'
'20. december 2019.txt#17';'0';'0';'0';'0';'1';'0'
'20. december 2019.txt#18';'0';'4';'0';'1';'0';'0'
'20. december 2019.txt#19';'0';'0';'0';'0';'3';'0'
'20. december 2019.txt#20';'0';'0';'0';'1';'3';'0'
'20. december 2019.txt#21';'0';'0';'0';'0';'3';'0'
'20. december 2019.txt#22';'1';'6';'0';'3';'0';'2'
'20. december 2019.txt#23';'0';'0';'0';'0';'0';'0'
'20. december 2019.txt#24';'0';'0';'0';'1';'6';'0'
'20. februar 2020.txt#0';'0';'0';'0';'2';'0';'1'
'20. februar 2020.txt#1';'0';'0';'0';'0';'2';'0'
'20. februar 2020.txt#2';'0';'0';'0';'0';'3';'0'
'20. februar 2020.txt#3';'0';'0';'0';'2';'0';'0'
'20. februar 2020.txt#4';'5';'0';'0';'1';'0';'0'
'20. februar 2020.txt#5';'0';'0';'0';'1';'2';'0'
'20. februar 2020.txt#6';'2';'2';'0';'2';'1';'1'
'20. februar 2020.txt#7';'0';'0';'0';'1';'2';'0'
'20. februar 2020.txt#8';'0';'6';'0';'3';'13';'3'
'20. januar 2020.txt#0';'6';'0';'0';'1';'0';'0'
'20. januar 2020.txt#1';'0';'0';'0';'3';'0';'1'
'20. januar 2020.txt#2';'0';'0';'0';'0';'2';'0'
'20. januar 2020.txt#3';'0';'0';'0';'0';'2';'0'
'20. januar 2020.txt#4';'0';'0';'0';'0';'0';'0'
'20. januar 2020.txt#5';'0';'0';'0';'0';'0';'0'
'20. januar 2020.txt#6';'0';'0';'0';'0';'0';'0'
'20. marts 2020.txt#0';'0';'0';'0';'2';'4';'0'
'20. marts 2020.txt#1';'0';'0';'0';'0';'0';'0'
'20. marts 2020.txt#2';'0';'0';'0';'1';'1';'0'
'20. marts 2020.txt#3';'2';'0';'0';'0';'0';'0'
'20. marts 2020.txt#4';'0';'0';'0';'7';'3';'1'
'20. marts 2020.txt#5';'1';'0';'0';'2';'0';'0'
'20. marts 2020.txt#6';'3';'0';'0';'1';'6';'1'
'20. marts 2020.txt#7';'0';'0';'0';'0';'2';'0'
'20. marts 2020.txt#8';'0';'0';'0';'0';'1';'0'
'21. februar 2020.txt#0';'3';'0';'0';'2';'0';'0'
'21. februar 2020.txt#1';'3';'0';'0';'1';'0';'0'
'21. februar 2020.txt#2';'0';'0';'0';'1';'3';'0'
'21. februar 2020.txt#3';'0';'0';'0';'1';'3';'0'
'21. februar 2020.txt#4';'0';'0';'0';'2';'2';'0'
'21. februar 2020.txt#5';'0';'0';'0';'0';'1';'0'
'21. februar 2020.txt#6';'0';'0';'0';'4';'0';'0'
'21. februar 2020.txt#7';'1';'0';'0';'0';'2';'0'
'21. januar 2020.txt#0';'0';'0';'0';'1';'2';'0'
'21. januar 2020.txt#1';'0';'0';'0';'2';'0';'3'
'21. januar 2020.txt#2';'0';'0';'0';'0';'0';'0'
'21. januar 2020.txt#3';'0';'0';'0';'0';'3';'0'
'21. januar 2020.txt#4';'5';'0';'0';'2';'0';'0'
'21. januar 2020.txt#5';'0';'2';'0';'0';'0';'0'
'21. januar 2020.txt#6';'0';'0';'0';'4';'0';'2'
'21. januar 2020.txt#7';'0';'0';'0';'0';'5';'0'
'21. januar 2020.txt#8';'5';'0';'0';'1';'0';'0'
'21. januar 2020.txt#9';'3';'3';'0';'1';'1';'0'
'22. januar 2020.txt#0';'0';'0';'0';'1';'2';'1'
'22. januar 2020.txt#1';'0';'0';'0';'1';'0';'0'
'22. januar 2020.txt#2';'2';'3';'0';'1';'0';'0'
'22. januar 2020.txt#3';'0';'0';'0';'0';'1';'0'
'22. januar 2020.txt#4';'0';'0';'0';'0';'0';'0'
'22. januar 2020.txt#5';'0';'0';'0';'0';'0';'0'
'22. januar 2020.txt#6';'0';'0';'0';'0';'0';'0'
'22. januar 2020.txt#7';'0';'0';'0';'0';'0';'0'
'22. januar 2020.txt#8';'2';'0';'0';'0';'0';'0'
'22. januar 2020.txt#9';'1';'2';'0';'0';'1';'0'
'22. januar 2020.txt#10';'0';'0';'0';'0';'2';'0'
'22. januar 2020.txt#11';'1';'0';'0';'3';'2';'1'
'22. januar 2020.txt#12';'1';'0';'0';'0';'0';'0'
'22. januar 2020.txt#13';'0';'0';'0';'0';'0';'0'
'22. januar 2020.txt#14';'0';'0';'0';'0';'0';'0'
'22. januar 2020.txt#15';'0';'0';'0';'1';'0';'0'
'22. januar 2020.txt#16';'0';'0';'0';'0';'0';'0'
'22. januar 2020.txt#17';'3';'0';'0';'1';'0';'0'
'22. januar 2020.txt#18';'1';'1';'0';'1';'0';'0'
'22. januar 2020.txt#19';'0';'0';'0';'0';'1';'0'
'22. januar 2020.txt#20';'0';'0';'0';'0';'0';'0'
'22. januar 2020.txt#21';'0';'0';'0';'1';'1';'1'
'22. januar 2020.txt#22';'1';'0';'0';'2';'2';'1'
'22. januar 2020.txt#23';'0';'0';'0';'0';'4';'0'
'23. december 2019.txt#0';'0';'0';'0';'0';'0';'0'
'23. december 2019.txt#1';'0';'0';'0';'0';'0';'1'
'23. december 2019.txt#2';'0';'0';'0';'1';'0';'0'
'23. december 2019.txt#3';'0';'0';'0';'1';'3';'0'
'23. december 2019.txt#4';'0';'0';'0';'1';'0';'0'
'23. december 2019.txt#5';'0';'0';'0';'1';'0';'1'
'23. december 2019.txt#6';'0';'0';'0';'0';'1';'0'
'23. december 2019.txt#7';'2';'0';'0';'0';'0';'0'
'23. december 2019.txt#8';'0';'0';'0';'0';'0';'0'
'23. december 2019.txt#9';'0';'0';'0';'0';'0';'0'
'23. december 2019.txt#10';'0';'0';'0';'0';'0';'0'
'23. december 2019.txt#11';'0';'0';'0';'0';'2';'0'
'23. december 2019.txt#12';'0';'0';'0';'1';'0';'0'
'23. december 2019.txt#13';'0';'0';'0';'0';'2';'0'
'23. december 2019.txt#14';'0';'0';'0';'1';'0';'0'
'23. december 2019.txt#15';'0';'0';'0';'3';'0';'1'
'23. december 2019.txt#16';'0';'0';'0';'1';'0';'0'
'23. december 2019.txt#17';'0';'0';'0';'1';'0';'0'
'23. december 2019.txt#18';'0';'0';'0';'0';'0';'0'
'23. december 2019.txt#19';'0';'0';'0';'0';'0';'2'
'23. december 2019.txt#20';'0';'0';'0';'1';'0';'0'
'23. december 2019.txt#21';'0';'0';'0';'1';'0';'0'
'23. december 2019.txt#22';'2';'0';'0';'0';'1';'0'
'23. januar 2020.txt#0';'0';'0';'0';'0';'2';'0'
'23. januar 2020.txt#1';'0';'0';'0';'0';'1';'0'
'23. januar 2020.txt#2';'0';'0';'0';'4';'0';'0'
'23. januar 2020.txt#3';'3';'5';'0';'1';'0';'0'
'23. januar 2020.txt#4';'0';'0';'0';'0';'2';'0'
'23. januar 2020.txt#5';'0';'0';'0';'0';'0';'0'
'23. januar 2020.txt#6';'0';'0';'0';'1';'0';'0'
'23. januar 2020.txt#7';'0';'0';'0';'0';'3';'0'
'23. januar 2020.txt#8';'1';'0';'0';'0';'0';'0'
'23. januar 2020.txt#9';'1';'1';'0';'2';'3';'0'
'23. januar 2020.txt#10';'5';'0';'0';'1';'0';'0'
'23. marts 2020.txt#0';'0';'0';'0';'1';'0';'0'
'23. marts 2020.txt#1';'0';'0';'0';'0';'0';'0'
'23. marts 2020.txt#2';'1';'5';'0';'4';'10';'2'
'23. marts 2020.txt#3';'1';'4';'0';'1';'4';'0'
'24. februar 2020.txt#0';'1';'0';'0';'0';'2';'0'
'24. februar 2020.txt#1';'0';'0';'0';'0';'0';'0'
'24. februar 2020.txt#2';'0';'0';'0';'1';'0';'0'
'24. februar 2020.txt#3';'0';'0';'0';'0';'0';'4'
'24. februar 2020.txt#4';'0';'0';'0';'0';'0';'0'
'24. februar 2020.txt#5';'0';'0';'0';'0';'0';'1'
'24. februar 2020.txt#6';'2';'0';'0';'0';'2';'0'
'24. februar 2020.txt#7';'3';'0';'0';'1';'0';'0'
'24. februar 2020.txt#8';'0';'0';'0';'0';'0';'0'
'24. februar 2020.txt#9';'0';'0';'0';'0';'0';'0'
'24. februar 2020.txt#10';'1';'0';'0';'0';'0';'0'
'24. februar 2020.txt#11';'0';'0';'0';'0';'0';'1'
'24. februar 2020.txt#12';'0';'0';'0';'0';'0';'0'
'24. februar 2020.txt#13';'0';'0';'0';'0';'0';'1'
'24. februar 2020.txt#14';'0';'0';'0';'0';'0';'2'
'24. februar 2020.txt#15';'0';'0';'0';'2';'0';'0'
'24. februar 2020.txt#16';'0';'0';'0';'0';'0';'0'
'24. februar 2020.txt#17';'2';'0';'0';'0';'0';'0'
'24. februar 2020.txt#18';'3';'0';'0';'1';'0';'0'
'24. februar 2020.txt#19';'0';'0';'0';'0';'0';'0'
'24. februar 2020.txt#20';'0';'0';'0';'0';'1';'0'
'24. februar 2020.txt#21';'0';'0';'0';'0';'1';'0'
'24. februar 2020.txt#22';'0';'0';'0';'0';'0';'0'
'24. februar 2020.txt#23';'1';'0';'0';'0';'0';'0'
'24. februar 2020.txt#24';'2';'0';'0';'1';'0';'0'
'24. februar 2020.txt#25';'0';'0';'0';'0';'0';'0'
'24. februar 2020.txt#26';'2';'0';'0';'0';'0';'0'
'24. februar 2020.txt#27';'3';'0';'0';'1';'0';'0'
'24. februar 2020.txt#28';'0';'0';'0';'0';'0';'0'
'24. februar 2020.txt#29';'2';'1';'0';'0';'0';'0'
'24. februar 2020.txt#30';'4';'6';'0';'2';'0';'0'
'24. februar 2020.txt#31';'0';'0';'0';'0';'0';'0'
'24. februar 2020.txt#32';'0';'0';'0';'0';'1';'0'
'24. februar 2020.txt#33';'0';'0';'0';'1';'1';'0'
'24. februar 2020.txt#34';'0';'0';'0';'0';'0';'0'
'24. februar 2020.txt#35';'0';'0';'0';'0';'0';'0'
'24. februar 2020.txt#36';'0';'0';'0';'0';'0';'0'
'24. februar 2020.txt#37';'0';'0';'0';'0';'1';'0'
'24. januar 2020.txt#0';'0';'0';'0';'0';'2';'0'
'24. januar 2020.txt#1';'0';'0';'0';'1';'1';'0'
'24. januar 2020.txt#2';'0';'0';'0';'1';'1';'0'
'24. januar 2020.txt#3';'0';'0';'0';'0';'1';'0'
'24. januar 2020.txt#4';'0';'0';'1';'4';'4';'1'
'24. januar 2020.txt#5';'5';'0';'1';'2';'2';'1'
'24. januar 2020.txt#6';'4';'1';'0';'1';'0';'0'
'24. januar 2020.txt#7';'2';'0';'0';'8';'10';'0'
'24. marts 2020.txt#0';'11';'4';'0';'4';'11';'4'
'24. marts 2020.txt#1';'2';'5';'0';'1';'1';'0'
'25. februar 2020.txt#0';'0';'0';'0';'0';'4';'0'
'25. februar 2020.txt#1';'0';'0';'0';'0';'2';'0'
'25. februar 2020.txt#2';'3';'5';'0';'3';'5';'0'
'25. februar 2020.txt#3';'0';'0';'0';'0';'2';'0'
'25. februar 2020.txt#4';'5';'0';'0';'1';'0';'0'
'25. februar 2020.txt#5';'0';'0';'0';'0';'0';'3'
'25. februar 2020.txt#6';'5';'0';'0';'1';'0';'0'
'25. februar 2020.txt#7';'0';'0';'0';'1';'0';'4'
'25. februar 2020.txt#8';'0';'0';'0';'1';'0';'0'
'25. februar 2020.txt#9';'0';'0';'0';'3';'0';'3'
'25. marts 2020.txt#0';'0';'0';'0';'1';'2';'0'
'25. marts 2020.txt#1';'0';'0';'0';'1';'2';'0'
'25. marts 2020.txt#2';'7';'0';'0';'1';'0';'0'
'25. marts 2020.txt#3';'0';'0';'0';'0';'0';'0'
'25. marts 2020.txt#4';'0';'0';'0';'9';'0';'0'
'25. marts 2020.txt#5';'0';'0';'0';'1';'0';'3'
'25. marts 2020.txt#6';'0';'0';'0';'4';'0';'0'
'25. marts 2020.txt#7';'8';'4';'0';'2';'1';'0'
'26. februar 2020.txt#0';'0';'0';'0';'0';'2';'0'
'26. februar 2020.txt#1';'0';'0';'0';'1';'3';'0'
'26. februar 2020.txt#2';'0';'0';'0';'1';'2';'0'
'26. februar 2020.txt#3';'0';'0';'0';'1';'0';'0'
'26. februar 2020.txt#4';'0';'0';'0';'1';'0';'0'
'26. februar 2020.txt#5';'0';'0';'0';'2';'0';'0'
'26. februar 2020.txt#6';'0';'0';'0';'1';'0';'0'
'26. februar 2020.txt#7';'4';'0';'0';'2';'0';'0'
'26. februar 2020.txt#8';'2';'0';'0';'1';'0';'0'
'26. februar 2020.txt#9';'0';'3';'0';'4';'0';'2'
'26. februar 2020.txt#10';'3';'6';'0';'2';'0';'0'
'26. februar 2020.txt#11';'0';'3';'0';'0';'0';'0'
'26. februar 2020.txt#12';'5';'0';'0';'2';'0';'0'
'26. februar 2020.txt#13';'0';'0';'0';'0';'1';'0'
'26. februar 2020.txt#14';'0';'0';'0';'0';'1';'0'
'26. marts 2020.txt#0';'1';'1';'0';'3';'2';'0'
'26. marts 2020.txt#1';'3';'0';'0';'1';'0';'0'
'26. marts 2020.txt#2';'1';'0';'0';'1';'0';'0'
'26. marts 2020.txt#3';'6';'0';'0';'2';'0';'0'
'26. marts 2020.txt#4';'4';'0';'0';'0';'0';'0'
'26. marts 2020.txt#5';'0';'4';'0';'0';'0';'1'
'26. marts 2020.txt#6';'0';'0';'0';'0';'0';'0'
'26. marts 2020.txt#7';'0';'0';'0';'0';'0';'0'
'26. marts 2020.txt#8';'0';'0';'0';'0';'0';'0'
'26. marts 2020.txt#9';'0';'0';'0';'0';'0';'0'
'26. marts 2020.txt#10';'0';'2';'0';'0';'0';'0'
'26. marts 2020.txt#11';'0';'1';'0';'0';'0';'1'
'26. marts 2020.txt#12';'0';'0';'0';'1';'0';'1'
'26. marts 2020.txt#13';'3';'0';'0';'1';'0';'0'
'26. marts 2020.txt#14';'0';'0';'0';'1';'0';'0'
'26. marts 2020.txt#15';'0';'0';'0';'1';'0';'0'
'26. marts 2020.txt#16';'0';'0';'0';'0';'1';'0'
'27. december 2019.txt#0';'0';'0';'0';'2';'0';'2'
'27. december 2019.txt#1';'0';'0';'0';'0';'4';'0'
'27. december 2019.txt#2';'0';'0';'0';'0';'3';'2'
'27. december 2019.txt#3';'0';'0';'0';'2';'0';'0'
'27. december 2019.txt#4';'0';'0';'0';'1';'0';'1'
'27. december 2019.txt#5';'3';'2';'0';'1';'2';'0'
'27. december 2019.txt#6';'5';'0';'0';'1';'0';'0'
'27. december 2019.txt#7';'0';'0';'0';'0';'0';'0'
'27. december 2019.txt#8';'0';'0';'0';'1';'0';'1'
'27. december 2019.txt#9';'0';'0';'0';'0';'1';'0'
'27. februar 2020.txt#0';'0';'0';'0';'0';'3';'0'
'27. februar 2020.txt#1';'5';'0';'0';'2';'0';'2'
'27. februar 2020.txt#2';'0';'0';'0';'1';'3';'0'
'27. februar 2020.txt#3';'0';'0';'0';'2';'0';'0'
'27. februar 2020.txt#4';'0';'0';'0';'0';'2';'0'
'27. februar 2020.txt#5';'0';'0';'0';'3';'3';'0'
'27. februar 2020.txt#6';'1';'0';'0';'0';'3';'0'
'27. februar 2020.txt#7';'0';'0';'0';'0';'2';'0'
'27. februar 2020.txt#8';'0';'0';'0';'0';'0';'0'
'27. februar 2020.txt#9';'0';'0';'0';'3';'2';'0'
'27. februar 2020.txt#10';'0';'0';'0';'0';'0';'2'
'27. februar 2020.txt#11';'0';'0';'0';'3';'0';'0'
'27. februar 2020.txt#12';'4';'5';'0';'1';'1';'0'
'27. januar 2020.txt#0';'2';'2';'0';'0';'2';'0'
'27. januar 2020.txt#1';'0';'0';'0';'0';'0';'0'
'27. januar 2020.txt#2';'0';'0';'0';'0';'0';'0'
'27. januar 2020.txt#3';'0';'0';'0';'0';'0';'1'
'27. januar 2020.txt#4';'0';'0';'0';'1';'0';'0'
'27. januar 2020.txt#5';'0';'0';'0';'0';'1';'0'
'27. januar 2020.txt#6';'6';'6';'0';'4';'1';'0'
'27. januar 2020.txt#7';'0';'0';'0';'0';'0';'1'
'27. januar 2020.txt#8';'0';'0';'0';'1';'3';'0'
'27. januar 2020.txt#9';'0';'0';'0';'0';'1';'0'
'27. januar 2020.txt#10';'1';'0';'0';'0';'0';'0'
'27. januar 2020.txt#11';'1';'0';'0';'0';'0';'1'
'27. januar 2020.txt#12';'0';'0';'0';'0';'2';'0'
'27. januar 2020.txt#13';'0';'0';'0';'0';'3';'0'
'27. januar 2020.txt#14';'0';'0';'0';'0';'0';'0'
'27. januar 2020.txt#15';'0';'0';'0';'0';'1';'0'
'27. januar 2020.txt#16';'0';'0';'0';'0';'1';'0'
'27. januar 2020.txt#17';'0';'0';'0';'0';'0';'0'
'27. januar 2020.txt#18';'3';'2';'0';'0';'1';'0'
'27. marts 2020.txt#0';'0';'0';'0';'1';'3';'0'
'27. marts 2020.txt#1';'0';'3';'0';'0';'0';'0'
'27. marts 2020.txt#2';'1';'2';'0';'0';'0';'0'
'27. marts 2020.txt#3';'0';'0';'0';'1';'0';'0'
'27. marts 2020.txt#4';'0';'3';'0';'0';'0';'0'
'27. marts 2020.txt#5';'0';'0';'0';'0';'1';'0'
'27. marts 2020.txt#6';'0';'0';'0';'0';'1';'0'
'27. marts 2020.txt#7';'0';'0';'0';'0';'1';'0'
'28. februar 2020.txt#0';'0';'0';'0';'2';'0';'1'
'28. februar 2020.txt#1';'0';'0';'0';'0';'4';'0'
'28. februar 2020.txt#2';'0';'0';'0';'0';'2';'0'
'28. februar 2020.txt#3';'0';'4';'0';'1';'0';'0'
'28. februar 2020.txt#4';'7';'5';'0';'1';'0';'0'
'28. februar 2020.txt#5';'1';'0';'0';'3';'0';'2'
'28. februar 2020.txt#6';'0';'0';'0';'1';'0';'0'
'28. februar 2020.txt#7';'0';'0';'0';'0';'0';'0'
'28. januar 2020.txt#0';'0';'0';'0';'1';'3';'0'
'28. januar 2020.txt#1';'0';'0';'0';'0';'0';'0'
'28. januar 2020.txt#2';'0';'0';'0';'0';'0';'0'
'28. januar 2020.txt#3';'0';'5';'0';'0';'3';'0'
'28. januar 2020.txt#4';'0';'0';'0';'0';'3';'0'
'28. januar 2020.txt#5';'0';'0';'0';'1';'3';'0'
'28. januar 2020.txt#6';'0';'0';'0';'2';'3';'0'
'28. januar 2020.txt#7';'0';'0';'0';'5';'0';'0'
'28. januar 2020.txt#8';'0';'0';'0';'1';'0';'0'
'28. januar 2020.txt#9';'8';'3';'0';'1';'0';'0'
'28. januar 2020.txt#10';'0';'0';'0';'1';'3';'0'
'28. januar 2020.txt#11';'3';'4';'0';'1';'0';'0'
'28. januar 2020.txt#12';'0';'0';'0';'1';'4';'0'
'28. januar 2020.txt#13';'4';'0';'0';'1';'0';'0'
'28. januar 2020.txt#14';'0';'0';'0';'0';'0';'0'
'28. januar 2020.txt#15';'3';'0';'0';'1';'0';'0'
'28. januar 2020.txt#16';'0';'0';'0';'0';'0';'0'
'28. januar 2020.txt#17';'0';'0';'0';'1';'3';'0'
'29. januar 2020.txt#0';'0';'1';'0';'0';'0';'0'
'29. januar 2020.txt#1';'4';'0';'0';'1';'0';'1'
'29. januar 2020.txt#2';'0';'0';'0';'1';'1';'0'
'29. januar 2020.txt#3';'0';'0';'0';'0';'0';'0'
'29. januar 2020.txt#4';'0';'0';'0';'0';'0';'2'
'29. januar 2020.txt#5';'0';'0';'0';'0';'1';'0'
'29. januar 2020.txt#6';'2';'2';'0';'4';'1';'0'
'29. januar 2020.txt#7';'1';'0';'0';'0';'0';'0'
'29. januar 2020.txt#8';'3';'0';'0';'1';'0';'0'
'29. januar 2020.txt#9';'1';'0';'0';'0';'0';'0'
'29. januar 2020.txt#10';'0';'6';'0';'0';'0';'1'
'29. januar 2020.txt#11';'0';'1';'0';'1';'0';'0'
'29. januar 2020.txt#12';'0';'0';'0';'0';'0';'1'
'29. januar 2020.txt#13';'0';'0';'0';'0';'0';'0'
'29. januar 2020.txt#14';'0';'0';'0';'1';'0';'0'
'29. januar 2020.txt#15';'0';'0';'0';'1';'0';'1'
'29. januar 2020.txt#16';'0';'0';'0';'1';'3';'0'
'29. januar 2020.txt#17';'0';'0';'0';'0';'2';'0'
'29. januar 2020.txt#18';'0';'0';'0';'0';'1';'0'
'29. januar 2020.txt#19';'0';'0';'0';'1';'1';'0'
'29. januar 2020.txt#20';'0';'0';'0';'0';'1';'0'
'3. april 2020.txt#0';'0';'0';'0';'2';'0';'0'
'3. april 2020.txt#1';'0';'0';'0';'0';'3';'0'
'3. april 2020.txt#2';'0';'0';'0';'0';'2';'0'
'3. april 2020.txt#3';'0';'0';'0';'0';'3';'0'
'3. april 2020.txt#4';'2';'4';'0';'1';'0';'0'
'3. april 2020.txt#5';'0';'0';'0';'2';'0';'0'
'3. april 2020.txt#6';'0';'0';'0';'0';'0';'2'
'3. april 2020.txt#7';'0';'0';'0';'0';'3';'0'
'3. april 2020.txt#8';'0';'0';'0';'4';'0';'0'
'3. april 2020.txt#9';'7';'5';'0';'1';'3';'0'
'3. december 2019.txt#0';'4';'0';'0';'2';'0';'0'
'3. december 2019.txt#1';'0';'0';'0';'0';'0';'0'
'3. december 2019.txt#2';'0';'3';'0';'0';'0';'0'
'3. december 2019.txt#3';'0';'0';'0';'2';'1';'1'
'3. december 2019.txt#4';'0';'0';'0';'3';'0';'0'
'3. december 2019.txt#5';'0';'0';'0';'0';'0';'0'
'3. december 2019.txt#6';'0';'0';'0';'3';'0';'0'
'3. december 2019.txt#7';'0';'0';'0';'0';'4';'0'
'3. december 2019.txt#8';'2';'5';'0';'6';'1';'0'
'3. februar 2020.txt#0';'0';'0';'0';'0';'4';'0'
'3. februar 2020.txt#1';'1';'0';'0';'0';'0';'2'
'3. februar 2020.txt#2';'0';'0';'0';'2';'0';'4'
'3. februar 2020.txt#3';'0';'0';'0';'1';'3';'0'
'3. februar 2020.txt#4';'0';'0';'0';'0';'0';'1'
'3. februar 2020.txt#5';'0';'0';'0';'3';'0';'0'
'3. februar 2020.txt#6';'0';'0';'0';'1';'2';'0'
'3. februar 2020.txt#7';'1';'0';'0';'2';'0';'0'
'3. februar 2020.txt#8';'0';'0';'0';'0';'0';'0'
'3. februar 2020.txt#9';'1';'3';'0';'0';'0';'0'
'3. marts 2020.txt#0';'0';'0';'0';'0';'4';'0'
'3. marts 2020.txt#1';'0';'0';'0';'0';'2';'0'
'3. marts 2020.txt#2';'0';'0';'0';'0';'2';'0'
'3. marts 2020.txt#3';'0';'0';'0';'1';'0';'3'
'3. marts 2020.txt#4';'0';'0';'0';'0';'3';'0'
'3. marts 2020.txt#5';'0';'0';'0';'0';'0';'0'
'3. marts 2020.txt#6';'0';'0';'0';'0';'0';'0'
'3. marts 2020.txt#7';'2';'0';'0';'1';'0';'0'
'3. marts 2020.txt#8';'0';'0';'0';'1';'3';'0'
'3. marts 2020.txt#9';'5';'0';'0';'1';'0';'0'
'3. marts 2020.txt#10';'0';'3';'0';'1';'0';'0'
'3. marts 2020.txt#11';'1';'0';'0';'0';'0';'0'
'30. december 2019.txt#0';'2';'5';'0';'1';'4';'0'
'30. december 2019.txt#1';'0';'0';'0';'0';'4';'0'
'30. december 2019.txt#2';'0';'0';'0';'0';'2';'0'
'30. december 2019.txt#3';'0';'0';'0';'2';'0';'2'
'30. december 2019.txt#4';'0';'0';'0';'1';'3';'0'
'30. december 2019.txt#5';'0';'0';'0';'0';'0';'0'
'30. december 2019.txt#6';'0';'0';'0';'1';'0';'3'
'30. december 2019.txt#7';'0';'0';'0';'0';'0';'0'
'30. december 2019.txt#8';'0';'0';'0';'3';'0';'0'
'30. december 2019.txt#9';'7';'4';'0';'1';'0';'0'
'30. december 2019.txt#10';'0';'0';'0';'1';'3';'0'
'30. december 2019.txt#11';'0';'0';'0';'1';'0';'2'
'30. december 2019.txt#12';'0';'0';'0';'1';'0';'0'
'30. december 2019.txt#13';'3';'0';'0';'1';'0';'0'
'30. december 2019.txt#14';'0';'0';'0';'0';'3';'0'
'30. januar 2020.txt#0';'2';'0';'0';'1';'0';'0'
'30. januar 2020.txt#1';'0';'0';'0';'1';'0';'0'
'30. januar 2020.txt#2';'0';'0';'0';'0';'2';'0'
'30. januar 2020.txt#3';'0';'0';'0';'0';'2';'0'
'30. januar 2020.txt#4';'4';'0';'0';'1';'1';'0'
'30. januar 2020.txt#5';'0';'0';'0';'0';'2';'0'
'30. januar 2020.txt#6';'0';'0';'0';'0';'3';'0'
'30. januar 2020.txt#7';'0';'0';'0';'0';'0';'0'
'30. januar 2020.txt#8';'5';'0';'0';'1';'0';'0'
'30. januar 2020.txt#9';'0';'0';'0';'1';'2';'0'
'30. januar 2020.txt#10';'0';'0';'0';'1';'0';'0'
'30. januar 2020.txt#11';'0';'0';'0';'1';'0';'0'
'30. januar 2020.txt#12';'2';'0';'0';'3';'0';'0'
'30. januar 2020.txt#13';'0';'0';'0';'1';'2';'0'
'30. januar 2020.txt#14';'0';'0';'0';'0';'0';'0'
'30. januar 2020.txt#15';'0';'0';'0';'0';'0';'0'
'30. januar 2020.txt#16';'0';'3';'0';'1';'0';'0'
'30. januar 2020.txt#17';'6';'0';'0';'1';'1';'0'
'30. marts 2020.txt#0';'0';'0';'0';'0';'3';'0'
'30. marts 2020.txt#1';'0';'0';'0';'1';'0';'0'
'30. marts 2020.txt#2';'4';'0';'0';'1';'0';'0'
'30. marts 2020.txt#3';'0';'0';'0';'0';'2';'0'
'30. marts 2020.txt#4';'0';'0';'0';'0';'0';'0'
'30. marts 2020.txt#5';'0';'0';'0';'0';'0';'0'
'30. marts 2020.txt#6';'0';'0';'0';'2';'1';'0'
'30. marts 2020.txt#7';'0';'0';'0';'0';'0';'0'
'30. marts 2020.txt#8';'0';'0';'0';'0';'0';'0'
'30. marts 2020.txt#9';'0';'0';'0';'0';'0';'0'
'30. marts 2020.txt#10';'0';'0';'0';'0';'0';'0'
'30. marts 2020.txt#11';'0';'0';'0';'3';'0';'5'
'30. marts 2020.txt#12';'0';'0';'0';'0';'0';'1'
'30. marts 2020.txt#13';'0';'4';'0';'1';'1';'0'
'31. december 2019.txt#0';'0';'0';'0';'1';'2';'2'
'31. december 2019.txt#1';'1';'0';'0';'4';'0';'5'
'31. december 2019.txt#2';'0';'0';'0';'3';'0';'1'
'31. december 2019.txt#3';'0';'0';'0';'2';'0';'0'
'31. december 2019.txt#4';'0';'0';'0';'0';'0';'0'
'31. december 2019.txt#5';'0';'0';'0';'0';'1';'0'
'31. januar 2020.txt#0';'0';'0';'0';'2';'0';'0'
'31. januar 2020.txt#1';'0';'0';'0';'0';'0';'0'
'31. januar 2020.txt#2';'0';'0';'0';'0';'0';'0'
'31. januar 2020.txt#3';'0';'0';'0';'0';'1';'0'
'31. januar 2020.txt#4';'5';'0';'0';'1';'0';'0'
'31. januar 2020.txt#5';'0';'0';'0';'0';'0';'0'
'31. januar 2020.txt#6';'0';'0';'0';'0';'2';'0'
'31. januar 2020.txt#7';'0';'0';'0';'0';'0';'0'
'31. januar 2020.txt#8';'0';'0';'0';'0';'0';'0'
'31. januar 2020.txt#9';'0';'0';'0';'0';'1';'0'
'31. januar 2020.txt#10';'0';'0';'0';'0';'0';'0'
'31. januar 2020.txt#11';'0';'4';'0';'1';'0';'0'
'31. januar 2020.txt#12';'0';'0';'0';'0';'0';'0'
'31. januar 2020.txt#13';'1';'0';'0';'1';'0';'0'
'31. januar 2020.txt#14';'0';'3';'0';'2';'0';'0'
'31. januar 2020.txt#15';'1';'1';'0';'0';'0';'0'
'31. januar 2020.txt#16';'1';'0';'0';'1';'0';'0'
'31. januar 2020.txt#17';'0';'0';'0';'0';'0';'0'
'31. januar 2020.txt#18';'0';'0';'0';'0';'1';'0'
'31. marts 2020.txt#0';'0';'0';'0';'0';'0';'0'
'31. marts 2020.txt#1';'3';'0';'0';'5';'4';'1'
'31. marts 2020.txt#2';'0';'0';'0';'2';'0';'0'
'31. marts 2020.txt#3';'0';'0';'0';'0';'0';'0'
'31. marts 2020.txt#4';'0';'0';'0';'0';'0';'0'
'31. marts 2020.txt#5';'3';'0';'0';'1';'0';'0'
'31. marts 2020.txt#6';'1';'3';'0';'0';'0';'0'
'31. marts 2020.txt#7';'0';'0';'0';'1';'1';'0'
'4. december 2019.txt#0';'0';'0';'0';'3';'0';'0'
'4. december 2019.txt#1';'0';'0';'0';'0';'2';'0'
'4. december 2019.txt#2';'0';'0';'0';'4';'0';'0'
'4. december 2019.txt#3';'0';'0';'0';'0';'4';'0'
'4. december 2019.txt#4';'0';'0';'0';'1';'0';'0'
'4. december 2019.txt#5';'5';'0';'0';'1';'0';'0'
'4. december 2019.txt#6';'4';'0';'0';'1';'0';'0'
'4. december 2019.txt#7';'1';'0';'0';'0';'0';'0'
'4. december 2019.txt#8';'3';'6';'0';'1';'0';'0'
'4. februar 2020.txt#0';'1';'0';'0';'1';'0';'0'
'4. februar 2020.txt#1';'0';'0';'0';'0';'0';'0'
'4. februar 2020.txt#2';'5';'0';'0';'1';'0';'0'
'4. februar 2020.txt#3';'0';'0';'0';'0';'0';'0'
'4. februar 2020.txt#4';'0';'0';'0';'0';'0';'0'
'4. februar 2020.txt#5';'0';'0';'0';'1';'0';'0'
'4. februar 2020.txt#6';'0';'0';'0';'0';'2';'0'
'4. februar 2020.txt#7';'0';'0';'0';'2';'0';'0'
'4. februar 2020.txt#8';'0';'0';'0';'0';'0';'0'
'4. februar 2020.txt#9';'0';'0';'0';'0';'0';'0'
'4. februar 2020.txt#10';'0';'0';'0';'0';'0';'2'
'4. februar 2020.txt#11';'0';'0';'0';'1';'0';'0'
'4. februar 2020.txt#12';'2';'0';'0';'1';'0';'0'
'4. februar 2020.txt#13';'0';'3';'0';'0';'0';'0'
'4. februar 2020.txt#14';'2';'0';'0';'1';'1';'0'
'4. marts 2020.txt#0';'7';'0';'0';'2';'4';'0'
'4. marts 2020.txt#1';'0';'0';'0';'0';'1';'0'
'4. marts 2020.txt#2';'0';'0';'0';'0';'0';'0'
'4. marts 2020.txt#3';'0';'0';'0';'0';'2';'0'
'4. marts 2020.txt#4';'0';'0';'0';'0';'0';'0'
'4. marts 2020.txt#5';'0';'0';'0';'0';'1';'1'
'4. marts 2020.txt#6';'0';'0';'0';'0';'0';'1'
'4. marts 2020.txt#7';'0';'0';'0';'1';'3';'0'
'4. marts 2020.txt#8';'0';'0';'0';'0';'0';'0'
'4. marts 2020.txt#9';'0';'0';'0';'0';'0';'0'
'4. marts 2020.txt#10';'0';'0';'0';'0';'2';'0'
'4. marts 2020.txt#11';'0';'0';'0';'0';'1';'0'
'4. marts 2020.txt#12';'0';'0';'0';'0';'0';'0'
'4. marts 2020.txt#13';'0';'0';'0';'0';'0';'0'
'4. marts 2020.txt#14';'0';'0';'0';'0';'2';'0'
'4. marts 2020.txt#15';'0';'0';'0';'0';'1';'1'
'4. marts 2020.txt#16';'0';'0';'0';'0';'0';'0'
'4. marts 2020.txt#17';'0';'0';'0';'0';'0';'1'
'4. marts 2020.txt#18';'0';'0';'0';'0';'1';'0'
'4. marts 2020.txt#19';'2';'5';'0';'1';'0';'0'
'4. marts 2020.txt#20';'0';'2';'0';'0';'0';'0'
'4. marts 2020.txt#21';'0';'0';'0';'1';'0';'0'
'4. marts 2020.txt#22';'0';'0';'0';'0';'1';'0'
'4. marts 2020.txt#23';'0';'0';'0';'0';'0';'0'
'4. marts 2020.txt#24';'0';'0';'0';'1';'4';'0'
'5. december 2019.txt#0';'0';'0';'0';'0';'0';'1'
'5. december 2019.txt#1';'0';'0';'0';'0';'2';'0'
'5. december 2019.txt#2';'0';'0';'0';'0';'0';'4'
'5. december 2019.txt#3';'0';'0';'0';'2';'0';'0'
'5. december 2019.txt#4';'0';'0';'0';'3';'4';'0'
'5. december 2019.txt#5';'3';'4';'0';'1';'0';'0'
'5. december 2019.txt#6';'0';'0';'0';'1';'3';'0'
'5. december 2019.txt#7';'0';'0';'0';'0';'2';'0'
'5. december 2019.txt#8';'4';'0';'0';'5';'0';'0'
'5. december 2019.txt#9';'0';'0';'0';'2';'0';'0'
'5. december 2019.txt#10';'0';'0';'0';'0';'0';'0'
'5. februar 2020.txt#0';'0';'0';'0';'0';'3';'0'
'5. februar 2020.txt#1';'0';'0';'0';'0';'2';'0'
'5. februar 2020.txt#2';'0';'0';'0';'0';'2';'0'
'5. februar 2020.txt#3';'0';'0';'0';'0';'0';'0'
'5. februar 2020.txt#4';'0';'0';'0';'0';'0';'0'
'5. februar 2020.txt#5';'0';'0';'0';'0';'3';'0'
'5. februar 2020.txt#6';'0';'0';'0';'0';'3';'0'
'5. februar 2020.txt#7';'0';'0';'0';'1';'0';'0'
'5. februar 2020.txt#8';'0';'0';'0';'3';'0';'0'
'5. februar 2020.txt#9';'4';'0';'0';'1';'0';'0'
'5. februar 2020.txt#10';'0';'0';'0';'0';'0';'0'
'5. februar 2020.txt#11';'0';'0';'0';'0';'3';'0'
'5. februar 2020.txt#12';'5';'0';'0';'1';'0';'0'
'5. februar 2020.txt#13';'3';'5';'0';'1';'0';'0'
'5. februar 2020.txt#14';'0';'0';'0';'0';'1';'0'
'5. marts 2020.txt#0';'0';'0';'0';'0';'1';'0'
'5. marts 2020.txt#1';'0';'0';'0';'0';'3';'0'
'5. marts 2020.txt#2';'0';'0';'0';'0';'3';'0'
'5. marts 2020.txt#3';'0';'0';'0';'0';'5';'0'
'5. marts 2020.txt#4';'0';'0';'0';'3';'0';'0'
'5. marts 2020.txt#5';'1';'0';'0';'0';'0';'0'
'5. marts 2020.txt#6';'3';'0';'0';'1';'0';'0'
'5. marts 2020.txt#7';'2';'3';'0';'1';'0';'0'
'6. april 2020.txt#0';'1';'7';'0';'1';'0';'0'
'6. april 2020.txt#1';'8';'0';'0';'2';'0';'0'
'6. april 2020.txt#2';'0';'0';'0';'0';'2';'0'
'6. april 2020.txt#3';'0';'4';'0';'4';'1';'0'
'6. april 2020.txt#4';'6';'6';'0';'2';'0';'0'
'6. april 2020.txt#5';'0';'1';'0';'0';'1';'0'
'6. december 2019.txt#0';'0';'0';'0';'0';'2';'0'
'6. december 2019.txt#1';'0';'0';'0';'2';'0';'0'
'6. december 2019.txt#2';'0';'0';'0';'0';'1';'0'
'6. december 2019.txt#3';'0';'0';'0';'0';'2';'0'
'6. december 2019.txt#4';'0';'0';'0';'1';'5';'0'
'6. december 2019.txt#5';'0';'0';'0';'1';'3';'0'
'6. december 2019.txt#6';'0';'0';'0';'0';'0';'0'
'6. februar 2020.txt#0';'0';'0';'0';'1';'0';'0'
'6. februar 2020.txt#1';'0';'0';'0';'0';'0';'0'
'6. februar 2020.txt#2';'0';'0';'0';'2';'0';'0'
'6. februar 2020.txt#3';'0';'0';'0';'0';'4';'0'
'6. februar 2020.txt#4';'0';'0';'0';'0';'2';'0'
'6. februar 2020.txt#5';'0';'0';'0';'0';'0';'0'
'6. februar 2020.txt#6';'3';'0';'0';'1';'0';'0'
'6. februar 2020.txt#7';'0';'0';'0';'0';'0';'0'
'6. februar 2020.txt#8';'0';'0';'0';'0';'3';'0'
'6. februar 2020.txt#9';'0';'0';'0';'0';'0';'0'
'6. februar 2020.txt#10';'0';'0';'0';'1';'0';'0'
'6. februar 2020.txt#11';'4';'0';'0';'1';'0';'0'
'6. marts 2020.txt#0';'7';'4';'0';'1';'0';'0'
'6. marts 2020.txt#1';'6';'0';'0';'1';'0';'0'
'6. marts 2020.txt#2';'0';'0';'0';'1';'4';'0'
'6. marts 2020.txt#3';'0';'0';'0';'0';'3';'0'
'6. marts 2020.txt#4';'1';'0';'0';'1';'3';'0'
'6. marts 2020.txt#5';'0';'0';'0';'1';'0';'0'
'6. marts 2020.txt#6';'0';'0';'0';'0';'0';'0'
'6. marts 2020.txt#7';'1';'0';'0';'3';'3';'0'
'6. marts 2020.txt#8';'0';'0';'0';'2';'0';'4'
'6. marts 2020.txt#9';'0';'0';'0';'2';'0';'0'
'7. april 2020.txt#0';'0';'0';'0';'2';'10';'0'
'7. april 2020.txt#1';'0';'0';'0';'0';'1';'0'
'7. april 2020.txt#2';'0';'0';'0';'0';'0';'0'
'7. april 2020.txt#3';'0';'9';'0';'3';'0';'2'
'7. april 2020.txt#4';'1';'0';'0';'0';'2';'2'
'7. april 2020.txt#5';'0';'0';'0';'1';'1';'0'
'7. februar 2020.txt#0';'5';'0';'0';'0';'0';'0'
'7. februar 2020.txt#1';'0';'0';'0';'2';'2';'0'
'7. februar 2020.txt#2';'0';'0';'0';'0';'3';'0'
'7. februar 2020.txt#3';'0';'0';'0';'1';'3';'0'
'7. februar 2020.txt#4';'0';'0';'0';'1';'0';'0'
'7. februar 2020.txt#5';'0';'0';'0';'1';'0';'0'
'7. februar 2020.txt#6';'0';'0';'0';'0';'0';'0'
'7. februar 2020.txt#7';'0';'0';'0';'0';'0';'0'
'7. februar 2020.txt#8';'0';'0';'0';'0';'0';'0'
'7. februar 2020.txt#9';'0';'0';'0';'0';'0';'0'
'7. februar 2020.txt#10';'0';'0';'0';'0';'0';'0'
'7. februar 2020.txt#11';'5';'0';'0';'1';'0';'0'
'7. februar 2020.txt#12';'2';'0';'0';'0';'0';'0'
'8. april 2020.txt#0';'1';'0';'0';'1';'6';'0'
'8. april 2020.txt#1';'0';'12';'0';'5';'0';'8'
'8. april 2020.txt#2';'3';'3';'0';'3';'1';'0'
'9. december 2019.txt#0';'0';'0';'0';'0';'3';'0'
'9. december 2019.txt#1';'0';'0';'0';'0';'0';'1'
'9. december 2019.txt#2';'0';'0';'0';'2';'0';'3'
'9. december 2019.txt#3';'0';'0';'0';'1';'3';'0'
'9. december 2019.txt#4';'0';'0';'0';'1';'1';'0'
'9. december 2019.txt#5';'0';'0';'0';'0';'0';'0'
'9. december 2019.txt#6';'0';'0';'0';'2';'0';'0'
'9. december 2019.txt#7';'0';'0';'0';'1';'0';'2'
'9. december 2019.txt#8';'0';'0';'0';'4';'0';'1'
'9. december 2019.txt#9';'3';'0';'0';'1';'0';'0'
'9. marts 2020.txt#0';'0';'0';'0';'0';'2';'0'
'9. marts 2020.txt#1';'0';'0';'0';'0';'4';'0'
'9. marts 2020.txt#2';'0';'0';'0';'2';'0';'0'
'9. marts 2020.txt#3';'0';'0';'0';'1';'0';'3'
'9. marts 2020.txt#4';'0';'0';'0';'3';'2';'0'
'9. marts 2020.txt#5';'0';'0';'0';'2';'0';'0'
'9. marts 2020.txt#6';'0';'0';'0';'0';'0';'5'
'9. marts 2020.txt#7';'0';'0';'0';'0';'3';'0'
'9. marts 2020.txt#8';'0';'0';'0';'0';'0';'0'
